{
	"Cameras": [
    {
		"apertureSize": 1.0,
	  	"focusDistance": 21,
		"fov": [53.13, 53.13],
		"gaze": [0.0, 0.0, 0.0],
		"planes": [0.4, 10.0],
		"position": [0.0, 0.0, 2.0],
		"up": [0.0, 1.0, 0.0]
    }],

	"BaseAccelerator": "Linear",
	"BaseBoundaryMaterial": 0,

	"Lights": [],

	"Transforms":[
	{
		"id": "0",
		"type": "matrix4x4",
		"data": [ 1, 0, 0, 0,
			      0, 1, 0, 0,
			      0, 0, 1, 0,
			      0, 0, 0, 1]
	}],

	"Materials":[
	{
		"id": [0, 1, 2, 3, 4],
		"type": "BasicMat",
		"albedo" : [[0, 0, 0],
					[0.5, 0.5, 0.5],
					[0.448, 0.015, 0.015],
					[0.021, 0.448, 0],
					[0, 0.121, 0.448]]
	}],

	"Primitives":[
	{
		"id": [0, 1, 2, 3],
		"type": "Triangle",
		"name": ".nodeTriangleIndexed",
		"position" : [[-0.001166, -0.000673, -0.866024],
					  [-0.707495, -0.408472, -0.287405],
					  [-0.000389, 0.816272, -0.289310],
					  [-0.706718, 0.408473, 0.289310],
					  [0.707495, 0.408472, 0.287405],
					  [0.001166, 0.000673, 0.866024],
					  [0.706718, -0.408473, -0.289310],
					  [0.000389, -0.816272, 0.289310]],
		"normal": [[0, 0, 1],
				   [0, 0, 1],
				   [0, 0, 1],
				   [0, 0, 1],
				   [0, 0, 1],
				   [0, 0, 1],
				   [0, 0, 1],
				   [0, 0, 1]],
		"uv": [[0, 0],
			   [0, 0],
			   [0, 0],
			   [0, 0],
			   [0, 0],
			   [0, 0],
			   [0, 0],
			   [0, 0]],
		"index": [[0, 1, 2, 2, 1, 3,
				   6, 7, 0, 0, 7, 1,
				   6, 0, 4, 4, 0, 2],
				 [2, 3, 4, 4, 3, 5],
				 [4, 5, 6, 6, 5, 7],
				 [1, 7, 3, 3, 7, 5]]
	}],

	"Surfaces": [
	{
		"transform": 0,
		"accelerator": "Linear",
		"material": [1, 2, 3, 4],
		"primitive": [0, 1, 2, 3]
	}]
}