{
    "Cameras": [
    {
		"id": 0,
		"type": "Pinhole",

		// 16:9 FoV
		"fov": [94.45, 53.13],
		// 1:1 FoV
		//"fov": [53.13, 53.13],
		"planes": [0.1, 20.0],

		//	TEST PARAMS
		"gaze"     : [0, 0, -0.324998],
		"position" : [0, 0, 0.675002],
		"up"       : [0, 1, 0]

		// "gaze": [0.0, 0.0, 0.0],
		// "position": [0.0, 0.0, 4.3],
		// "up": [0.0, 1.0, 0.0]
	}],

	"Textures":[
	{
		"id": 0,
		//"file": "../Textures/hdr_test.hdr"
		"file": "../Textures/ModernPool/lakeside_4k.hdr"
	}],

	"Lights": [
	{
		"id": 0,
		"type": "SkySphere",
		"radiance" : {"texture": 0, "channels": "rgb"}
	}],

	"Mediums": [
	{
		"id" : 0,
		"type" : "Vacuum"
	}],

	"Transforms":[{"id": 0, "type": "Identity"}],

	"Materials":[
    // Roughness Unreal
    {
		"id": [1, 2, 3, 4, 5, 6, 7, 8, 9],
		"type" : "Unreal",
		"albedo" : [[0.5, 0.5, 0.5], [0.5, 0.5, 0.5], [0.5, 0.5, 0.5], [0.5, 0.5, 0.5],
                    [0.5, 0.5, 0.5], [0.5, 0.5, 0.5], [0.5, 0.5, 0.5], [0.5, 0.5, 0.5],
					[0.5, 0.5, 0.5]],
		// "albedo" : [[1, 1, 1], [1, 1, 1], [1, 1, 1], [1, 1, 1],
        //             [1, 1, 1], [1, 1, 1], [1, 1, 1], [1, 1, 1],
		// 			[1, 1, 1]],
        "specular": [0.5, 0.5, 0.5, 0.5, 0.5, 0.5, 0.5, 0.5, 0.5],
        //"metallic": [0.5, 0.5, 0.5, 0.5, 0.5, 0.5, 0.5, 0.5, 0.5],
		"metallic": [0.9, 0.9, 0.9, 0.9, 0.9, 0.9, 0.9, 0.9, 0.9],
        "roughness": [0, 0.125, 0.25, 0.375, 0.5, 0.625, 0.750, 0.875, 1.0]
	},
    // Metallic Unreal
	{
		"id": [10, 11, 12, 13, 14, 15, 16, 17, 18],
		"type" : "Unreal",
		"albedo" : [[0.5, 0.5, 0.5], [0.5, 0.5, 0.5], [0.5, 0.5, 0.5], [0.5, 0.5, 0.5],
                    [0.5, 0.5, 0.5], [0.5, 0.5, 0.5], [0.5, 0.5, 0.5], [0.5, 0.5, 0.5],
					[0.5, 0.5, 0.5]],
        "specular": [0.5, 0.5, 0.5, 0.5, 0.5, 0.5, 0.5, 0.5, 0.5],
        "metallic": [0, 0.125, 0.25, 0.375, 0.5, 0.625, 0.750, 0.875, 1.0],
        "roughness": [0.5, 0.5, 0.5, 0.5, 0.5, 0.5, 0.5, 0.5, 0.5]
	},
    // Specular Unreal
	{
		"id": [19, 20, 21, 22, 23, 24, 25, 26, 27],
		"type" : "Unreal",
		"albedo" : [[0.5, 0.5, 0.5], [0.5, 0.5, 0.5], [0.5, 0.5, 0.5], [0.5, 0.5, 0.5],
                    [0.5, 0.5, 0.5], [0.5, 0.5, 0.5], [0.5, 0.5, 0.5], [0.5, 0.5, 0.5],
					[0.5, 0.5, 0.5]],
        "specular": [0, 0.125, 0.25, 0.375, 0.5, 0.625, 0.750, 0.875, 1.0],
        "metallic": [0.5, 0.5, 0.5, 0.5, 0.5, 0.5, 0.5, 0.5, 0.5],
        "roughness": [0.5, 0.5, 0.5, 0.5, 0.5, 0.5, 0.5, 0.5, 0.5]
	}],

	"Primitives":[{
		"id": [0, 1, 2, 3, 4, 5, 6, 7, 8,
               9, 10, 11, 12, 13, 14, 15, 16, 17,
               18, 19, 20, 21, 22, 23, 24, 25, 26],
		"type": "Sphere",
		"name": ".nodeSphere",
		"position":
		[
			[-4, 1, 0], [-3, 1, 0], [-2, 1, 0], [-1, 1, 0], [0, 1, 0], [1, 1, 0], [2, 1, 0], [3, 1, 0], [4, 1, 0],
			[-4, 0, 0], [-3, 0, 0], [-2, 0, 0], [-1, 0, 0], [0, 0, 0], [1, 0, 0], [2, 0, 0], [3, 0, 0], [4, 0, 0],
			[-4, -1, 0], [-3, -1, 0], [-2, -1, 0], [-1, -1, 0], [0, -1, 0], [1, -1, 0], [2, -1, 0], [3, -1, 0], [4, -1, 0]
		],
		"radius": [0.3, 0.3, 0.3, 0.3, 0.3, 0.3, 0.3, 0.3, 0.3,
				   0.3, 0.3, 0.3, 0.3, 0.3, 0.3, 0.3, 0.3, 0.3,
				   0.3, 0.3, 0.3, 0.3, 0.3, 0.3, 0.3, 0.3, 0.3]
	}],

	"Accelerators": [
		{"id" : 0, "type" : "Linear"},
		{"id" : 1, "type" : "BasicBVH", "useStack" : true}
	],

    //================================================//
    //        Actual Scene Related Declarations       //
    //================================================//
    "BaseAccelerator": {"type": "BasicBVH"},
    "BaseBoundaryLight": 0,
    "BaseMedium" : 0,

	"Surfaces": [

		// {	"transform": 0,
		// 	"accelerator": 1,
		// 	"material": 1,
		// 	"primitive": 0
		// },

		{	"transform": 0,
			"accelerator": 1,
			"material": 4,
			"primitive": 13
		}

    // // Roughness Group 0
    // {
	// 	"transform": 0, "accelerator": 1,
	// 	"material": [1, 2, 3, 4, 5],
	// 	"primitive": [0, 1, 2, 3, 4]
	// },
	// // Roughness Group 1
    // {
	// 	"transform": 0, "accelerator": 0,
	// 	"material": [6, 7, 8, 9],
	// 	"primitive": [5, 6, 7, 8]
	// },
	// // Metallic Group 0
    // {
	// 	"transform": 0, "accelerator": 1,
	// 	"material": [10, 11, 12, 13, 14],
	// 	"primitive": [9, 10, 11, 12, 13]
	// },
	// // Metallic Group 1
    // {
	// 	"transform": 0, "accelerator": 0,
	// 	"material": [15, 16, 17, 18],
	// 	"primitive": [14, 15, 16, 17]
	// },
    // // Specular Group 0
    // {
	// 	"transform": 0, "accelerator": 1,
	// 	"material": [19, 20, 21, 22, 23],
	// 	"primitive": [18, 19, 20, 21, 22]
	// },
	// // Specular Group 1
    // {
	// 	"transform": 0, "accelerator": 0,
	// 	"material": [24, 25, 26, 27],
	// 	"primitive": [23, 24, 25, 26]
	// }
	],

	"LightSurfaces": [],

    "CameraSurfaces": [{"camera": 0}]
}